Item number,Title,Variation details,Custom label (SKU),Available quantity,Format,Currency,Start price,Auction Buy It Now price,Reserve price,Current price,Sold quantity,Watchers,Bids,Start date,End date,eBay category 1 name,eBay category 1 number,eBay category 2 name,eBay category 2 number,Condition,CD:Professional Grader - (ID: 27501),CD:Grade - (ID: 27502),CDA:Certification Number - (ID: 27503),CD:Card Condition - (ID: 40001),eBay Product ID(ePID),Listing site,P:UPC,P:EAN,P:ISBN
3.88889E+11,1961 Porsche 356 B Coupe Red – 1:24 Scale Diecast Model Car – Bburago 22079RD-TS,,,1,FIXED_PRICE,GBP,14.99,,,14.99,0,1,,Aug-27-25 02:26:56 PDT,Sep-27-25 02:26:56 PDT,Contemporary Manufacture,180506,,,Used,,,,,,UK,,,
3.88889E+11,Disney Pixar The Incredibles – Mr. Incredible 16” Plush Doll – VGUC,,,1,FIXED_PRICE,GBP,16.99,,,16.99,0,,,Aug-27-25 02:36:52 PDT,Sep-27-25 02:36:52 PDT,Branded Soft Toys,230,,,Used,,,,,,UK,,,
3.88889E+11,"Sonic the Hedgehog: Tin of Books – Paperback – VGC, hardly used",,,1,FIXED_PRICE,GBP,9.99,,,9.99,0,1,,Aug-27-25 03:19:17 PDT,Sep-27-25 03:19:17 PDT,Creative Toys & Activities,80546,,,Used,,,,,,UK,,,
3.88889E+11,Toddler Interactive Robot Toy in very good condition from Happy Kid Toy,,,1,FIXED_PRICE,GBP,9.99,,,9.99,0,,,Aug-27-25 03:43:03 PDT,Sep-27-25 03:43:03 PDT,Creative Toys & Activities,80546,,,Used,,,,,,UK,,,
3.88889E+11,Miniso Sanrio Kuromi Plush Toy – Very Good Condition (VGC),,,1,FIXED_PRICE,GBP,14.99,,,14.99,0,,,Aug-27-25 04:21:36 PDT,Sep-27-25 04:21:36 PDT,Branded Soft Toys,230,,,Used,,,,,,UK,,,
3.88889E+11,Melissa & Doug 2095 Travel Hangman – VGC,,,1,FIXED_PRICE,GBP,14.99,,,14.99,0,,,Aug-27-25 04:28:28 PDT,Sep-27-25 04:28:28 PDT,Other Educational Toys,2518,,,Used,,,,,,UK,,,
3.88889E+11,Miniso Hello Kitty B2303 Fukoku Life Sanrio 2016 Foam Beanie Plush Toy Doll,,,1,FIXED_PRICE,GBP,18.99,,,18.99,0,,,Aug-27-25 04:44:05 PDT,Sep-27-25 04:44:05 PDT,Other Animation Merchandise,69528,,,Used,,,,,,UK,,,
3.8889E+11,Tomy Little Chirpers Sorting Eggs Learning Toy – Very Good Condition (VGC),,,1,FIXED_PRICE,GBP,7.99,,,7.99,0,,,Aug-27-25 05:18:30 PDT,Sep-27-25 05:18:30 PDT,Tomy,56366,,,Used,,,,,,UK,,,
3.8889E+11,Squishmallows Original Small Deacon the Donkey | Very Good Condition (VGC),,,1,FIXED_PRICE,GBP,9.99,,,9.99,0,,,Aug-27-25 05:25:40 PDT,Sep-27-25 05:25:40 PDT,Branded Soft Toys,230,,,Used,,,,,,UK,,,
3.8889E+11,"Miniso Sanrio Kuromi Series Ultra 14.9"" Soft Kuromi Plush Pillow Back Cushion",,,1,FIXED_PRICE,GBP,14.99,,,14.99,0,,,Aug-27-25 05:58:09 PDT,Sep-27-25 05:58:09 PDT,Other Animation Merchandise,69528,,,Used,,,,,,UK,,,
3.8889E+11,H&M x Sanrio Hello Kitty & Friends Fluffy Crossbody Bag – White/Cinnamoroll -VGC,,,1,FIXED_PRICE,GBP,11.99,,,11.99,0,,,Aug-27-25 07:26:38 PDT,Sep-27-25 07:26:38 PDT,Wallets,15629,,,Pre-owned - Excellent,,,,,,UK,,,
3.8889E+11,Miniso Sanrio Licensed Cinnamoroll Plush Toy – Very Good Condition,,,1,FIXED_PRICE,GBP,14.99,,,14.99,0,,,Aug-27-25 07:30:09 PDT,Sep-27-25 07:30:09 PDT,Other Animation Merchandise,69528,,,Used,,,,,,UK,,,
3.8889E+11,Crivit - Outdoor Girls Jacket – Pink & Blue – 4-6 Years | VGC,,,1,FIXED_PRICE,GBP,29.99,,,29.99,0,,,Aug-27-25 07:54:00 PDT,Sep-27-25 07:54:00 PDT,Outerwear,51580,,,Pre-owned - Good,,,,,,UK,,,
3.8889E+11,Eikoh Sanrio Kuromi Plush Toy – Very Good in Condition,,,1,FIXED_PRICE,GBP,19.99,,,19.99,0,,,Aug-27-25 08:35:38 PDT,Sep-27-25 08:35:38 PDT,Other Animation Merchandise,69528,,,Used,,,,,,UK,,,
3.8889E+11,Miniso Popular Polar Bear Plush Series – Cinnamon Plush Doll – VGC,,,1,FIXED_PRICE,GBP,18.99,,,18.99,0,,,Aug-27-25 08:42:04 PDT,Sep-27-25 08:42:04 PDT,Branded Soft Toys,230,,,Used,,,,,,UK,,,
3.8889E+11,Miniso Sanrio Licensed Hello Kitty Kuromi Plush – VGC,,,1,FIXED_PRICE,GBP,14.99,,,14.99,0,,,Aug-27-25 08:42:23 PDT,Sep-27-25 08:42:23 PDT,Other Animation Merchandise,69528,,,Used,,,,,,UK,,,
3.8889E+11,Miniso Sanrio Kuromi Plush Toy Dolls – Stuffed Animal Plushies – VGC,,,1,FIXED_PRICE,GBP,16.99,,,16.99,0,1,,Aug-27-25 08:54:33 PDT,Sep-27-25 08:54:33 PDT,Other Animation Merchandise,69528,,,Used,,,,,,UK,,,
3.8889E+11,Miniso Cute Penguin Plush Toy Lovely Stuffed Animal Doll with Donut Character,,,1,FIXED_PRICE,GBP,16.99,,,16.99,0,,,Aug-27-25 08:55:13 PDT,Sep-27-25 08:55:13 PDT,Branded Soft Toys,230,,,Used,,,,,,UK,,,
3.8889E+11,Miniso Sanrio Hello Kitty and Friends Ice Cream Surprise Plush Toy Keychains VGC,,,1,FIXED_PRICE,GBP,18.99,,,18.99,0,,,Aug-27-25 08:56:37 PDT,Sep-27-25 08:56:37 PDT,Branded Soft Toys,230,,,Used,,,,,,UK,,,
3.8889E+11,Jellycat Bartholomew Bear 'Spider' Soft Toy Plush Teddy Authentic New with Tags,,,1,FIXED_PRICE,GBP,64.99,,,64.99,0,,,Aug-27-25 09:00:37 PDT,Sep-27-25 09:00:37 PDT,Branded Soft Toys,230,,,New,,,,,,UK,,,
3.8889E+11,Aurora World Mermicorno Tokidoki Plush – Blue – Small – VGC,,,1,FIXED_PRICE,GBP,11.99,,,11.99,0,2,,Aug-27-25 09:02:17 PDT,Sep-27-25 09:02:17 PDT,Branded Soft Toys,230,,,Used,,,,,,UK,,,
3.8889E+11,Card Factory Pink Princess Soft Toy – NEW with Tag,,,1,FIXED_PRICE,GBP,5.99,,,5.99,0,,,Aug-27-25 09:03:35 PDT,Sep-27-25 09:03:35 PDT,Branded Soft Toys,230,,,New,,,,,,UK,,,
3.88893E+11,Tempish Fur Expanze Adjustable Kids Ice Skates White Size UK 11J-13J – NEW + Box,,,1,FIXED_PRICE,GBP,39.99,,,39.99,0,,,Aug-28-25 02:43:08 PDT,Sep-28-25 02:43:08 PDT,Children's Skates,26344,,,New with box,,,,,,UK,,,
3.889E+11,Pokémon Center Jolteon Poké Plush & Pokémon Squirtle Plush Toy – VGC,,,1,FIXED_PRICE,GBP,18.99,,,18.99,0,,,Aug-29-25 14:18:19 PDT,Sep-29-25 14:18:19 PDT,Branded Soft Toys,230,,,Used,,,,,,UK,,,
3.889E+11,Melissa & Doug Suspend – Juego de Colgaduras – Family Game – NEW,,,1,FIXED_PRICE,GBP,22.49,,,22.49,0,,,Aug-29-25 14:18:46 PDT,Sep-29-25 14:18:46 PDT,Other Toys & Games,1039,,,New,,,,,,UK,,,
3.889E+11,Stranger Things Upside Down Wallet – Red & Black – Very Good Condition,,,1,FIXED_PRICE,GBP,20.49,,,20.49,0,0,,Aug-29-25 14:19:59 PDT,Sep-29-25 14:19:59 PDT,Purses & Wallets,45258,,,Pre-owned - Excellent,,,,,,UK,,,
3.88902E+11,Minecraft Set of 8 Plush Toys – Very Good Used Condition,,,1,FIXED_PRICE,GBP,39.99,,,39.99,0,,,Aug-30-25 02:48:33 PDT,Sep-30-25 02:48:33 PDT,Branded Soft Toys,230,,,Used,,,,,,UK,,,
3.88902E+11,Marvel Spider-Man Bowls – Set of 2 – Very Good in Condition,,,1,FIXED_PRICE,GBP,14.99,,,14.99,0,,,Aug-30-25 02:51:07 PDT,Sep-30-25 02:51:07 PDT,Bowls,262366,,,Used,,,,,,UK,,,
3.88903E+11,"Tinc Hard Top Pencil Case, Red, Very Good Condition, has some pen marks from use",,,1,FIXED_PRICE,GBP,9.99,,,9.99,0,,,Aug-30-25 05:02:33 PDT,Sep-30-25 05:02:33 PDT,Pencil Cases,122951,,,Used,,,,,,UK,,,
3.88903E+11,Roxi RX84 Music Entertainment System Console Karaoke – 2020 Edition – Red - GUC,,,1,FIXED_PRICE,GBP,24.99,,,24.99,0,,,Aug-30-25 07:30:07 PDT,Sep-30-25 07:30:07 PDT,Internet TV & Media Streamers,168058,,,Used,,,,,,UK,,,
3.88903E+11,"Djeco Magnetic Fishing Ducks – Fishing Game – Very Good Condition, complete set",,,1,FIXED_PRICE,GBP,14.99,,,14.99,0,,,Aug-30-25 07:36:43 PDT,Sep-30-25 07:36:43 PDT,Modern Manufacture,180349,,,Used,,,,,,UK,,,
3.88904E+11,LEGO Pet Pals Puzzle – 1000 Pieces – NEW & Sealed,,,1,FIXED_PRICE,GBP,9.99,,,9.99,0,,,Aug-30-25 09:37:35 PDT,Sep-30-25 09:37:35 PDT,Jigsaws,19183,,,New,,,,,19041813589,UK,,9.78145E+12,
3.88904E+11,Pokémon GO Pikachu Red Card Case | Zip-Up Soft Shell Cover | Collectors ,,,1,FIXED_PRICE,GBP,7.99,,,7.99,0,,,Aug-30-25 10:14:51 PDT,Sep-30-25 10:14:51 PDT,"Cases, Covers & Skins",20349,,,Used,,,,,,UK,,,
3.88904E+11,"Official Pokémon Colour and Draw – Paperback – VGC, unused book for young kids",,,1,FIXED_PRICE,GBP,6.99,,,6.99,0,,,Aug-30-25 10:20:16 PDT,Sep-30-25 10:20:16 PDT,Books,261186,,,Like New,,,,,,UK,,,9.78141E+12
3.88904E+11,PAW Patrol – Set of 4 Vehicles & 12 Action Figures | VGUC,,,1,FIXED_PRICE,GBP,39.99,,,39.99,0,,,Aug-30-25 14:41:31 PDT,Sep-30-25 14:41:31 PDT,Other Toys & Games,1039,,,Used,,,,,,UK,,,
3.88906E+11,Liverpool FC “If Found Please Return to Anfield” Red T-Shirt – Size M | VGC,,,1,FIXED_PRICE,GBP,15.99,,,15.99,0,,,Aug-30-25 21:07:01 PDT,Sep-29-25 21:07:01 PDT,T-Shirts,15687,,,Pre-owned - Excellent,,,,,,UK,,,
3.88906E+11,"Superdry Windcheater Ladies Jacket – Size M, UK 8, Blue | Very good condition",,,1,FIXED_PRICE,GBP,39.99,,,39.99,0,2,,Aug-31-25 02:11:05 PDT,Sep-30-25 02:11:05 PDT,"Coats, Jackets & Waistcoats",63862,,,Pre-owned - Excellent,,,,,,UK,,DoesNotApply,
3.88907E+11,WWE Chris Jericho Jakks Pacific Wrestling Action Figure – VGUC,,,1,FIXED_PRICE,GBP,6.99,,,6.99,0,,,Aug-31-25 02:46:21 PDT,Sep-30-25 02:46:21 PDT,Action Figures,261068,,,Used,,,,,,UK,,,
3.88907E+11,WWE Wrestling Elite Collection Series 74 Goldberg Action Figure – VGUC,,,1,FIXED_PRICE,GBP,12.99,,,12.99,0,0,,Aug-31-25 02:46:47 PDT,Sep-30-25 02:46:47 PDT,Action Figures,261068,,,Used,,,,,,UK,,,
3.88907E+11,WWE Edge Double Slam Series 5 Wrestling Action Figure (Jakks) – VGUC,,,1,FIXED_PRICE,GBP,9.99,,,9.99,0,,,Aug-31-25 02:47:02 PDT,Sep-30-25 02:47:02 PDT,Action Figures,261068,,,Used,,,,,,UK,,,
3.88907E+11,WWF WCW NWO WWE Vintage 1999 Jakks TTL Chris Jericho Action Figure Flame Shirt,,,1,FIXED_PRICE,GBP,6.99,,,6.99,0,,,Aug-31-25 02:47:28 PDT,Sep-30-25 02:47:28 PDT,Action Figures,261068,,,Used,,,,,,UK,,,
3.88907E+11,FUNKO POP Two-Face #341 – Pop Heroes: Batman Forever Vinyl Figure – VGC,,,1,FIXED_PRICE,GBP,14.99,,,14.99,0,,,Aug-31-25 02:48:05 PDT,Sep-30-25 02:48:05 PDT,Action Figures,261068,,,Used,,,,,,UK,,,
3.88907E+11,SPACE INVADERS Mini Keychain LED Flashlight – NEW,,,1,FIXED_PRICE,GBP,9.99,,,9.99,0,,,Aug-31-25 04:35:50 PDT,Sep-30-25 04:35:50 PDT,Other Toys & Games,1039,,,New,,,,,,UK,,,
3.88907E+11,Techlink 2000mAh USB Power Bank – Pink – VGUC,,,1,FIXED_PRICE,GBP,9.99,,,9.99,0,,,Aug-31-25 04:40:02 PDT,Sep-30-25 04:40:02 PDT,Chargers & Docks,123417,,,Used,,,,,,UK,,,
3.88907E+11,Learning Resources Code & Go Robot Mouse Activity Set – 83 Pieces – VGUC,,,1,FIXED_PRICE,GBP,29.99,,,29.99,0,,,Aug-31-25 05:09:31 PDT,Sep-30-25 05:09:31 PDT,Other Educational Toys,2518,,,Used,,,,,,UK,,DoesNotApply,
3.88907E+11,Disney Frozen II Elsa & Anna Side Bag for Girls – NEW,,,1,FIXED_PRICE,GBP,14.99,,,14.99,0,,,Aug-31-25 05:11:10 PDT,Sep-30-25 05:11:10 PDT,Backpacks & Bags,260988,,,New with tags,,,,,,UK,,,
3.88907E+11,Argos Sainsbury’s Wooden Two-Tier Cake Stand Play Set – Pink & Turquoise – VGUC,,,1,FIXED_PRICE,GBP,14.99,,,14.99,0,,,Aug-31-25 05:41:33 PDT,Sep-30-25 05:41:33 PDT,Cake Stands,183356,,,Used,,,,,,UK,,,
3.88907E+11,Lexibook Despicable Me Minions CD Player with Dual Microphones & Headphone VGUC,,,1,FIXED_PRICE,GBP,29.99,,,29.99,0,,,Aug-31-25 05:45:27 PDT,Sep-30-25 05:45:27 PDT,Electronic Games,2540,,,Used,,,,,,UK,,,
3.88907E+11,"Playtive Kids Waffle Maker Play Set – Pretend Kitchen Toy – VGUC, sold as seen",,,1,FIXED_PRICE,GBP,11.99,,,11.99,0,,,Aug-31-25 05:51:02 PDT,Sep-30-25 05:51:02 PDT,Pretend Kitchens,158746,,,Used,,,,,,UK,,Does not apply,
3.88907E+11,UNIQLO Kids Blue Jacket with Hood – Size 9–10 Years – very good condition,,,1,FIXED_PRICE,GBP,19.99,,,19.99,0,,,Aug-31-25 06:06:46 PDT,Sep-30-25 06:06:46 PDT,Outerwear,51933,,,Pre-owned - Good,,,,,,UK,,,
3.88907E+11,Teenage Mutant Ninja Turtles Movie Pizzafire Van with 4 Figures – GUC,,,1,FIXED_PRICE,GBP,29.99,,,29.99,0,,,Aug-31-25 06:11:27 PDT,Sep-30-25 06:11:27 PDT,Action Figures,261068,,,Used,,,,,,UK,,,
3.88907E+11,Children’s Magnetic wooden Maze Montessori colours + numbers Learning Toy - VGUC,,,1,FIXED_PRICE,GBP,9.99,,,9.99,0,,,Aug-31-25 06:14:37 PDT,Sep-30-25 06:14:37 PDT,Other Educational Toys,2518,,,Used,,,,,,UK,,,
3.88907E+11,LEGO Xtra Road Playmat – City Street Building Base – NEW,,,1,FIXED_PRICE,GBP,19.99,,,19.99,0,,,Aug-31-25 06:17:52 PDT,Sep-30-25 06:17:52 PDT,LEGO (R) Complete Sets & Packs,19006,,,New,,,,,4053423089,UK,,6.73419E+11,
3.88908E+11,"HuanQi Porsche R4 Cabriolet 1:10 Scale RC Car Red in Good condition, box damaged",,,1,FIXED_PRICE,GBP,18.99,,,18.99,0,,,Aug-31-25 06:55:49 PDT,Sep-30-25 06:55:49 PDT,Contemporary Manufacture,180506,,,Used,,,,,,UK,,,
3.88908E+11,Superdry Sport Tracker Blue with Green Trims Jacket – Size L – VGC,,,1,FIXED_PRICE,GBP,49.99,,,49.99,0,1,,Aug-31-25 07:05:32 PDT,Sep-30-25 07:05:32 PDT,Activewear Jackets,185702,,,Pre-owned - Good,,,,,,UK,,,
3.88908E+11,Converse Kids Sherpa Chuck Patch Full Zip Jacket – Girls – Size M (10-12Y) – VGC,,,1,FIXED_PRICE,GBP,29.99,,,29.99,0,,,Aug-31-25 07:29:36 PDT,Sep-30-25 07:29:36 PDT,Jumpers & Cardigans,51582,,,Pre-owned - Good,,,,,,UK,,,
3.88908E+11,Wowow Toys & Games Bingo Machine Game Set – NEW in Box,,,1,FIXED_PRICE,GBP,24.49,,,24.49,0,,,Aug-31-25 07:33:15 PDT,Sep-30-25 07:33:15 PDT,Modern Manufacture,180349,,,New,,,,,,UK,,,
3.88908E+11,Del Prado Train – SNCF BB22200– NEW in box,,,1,FIXED_PRICE,GBP,14.99,,,14.99,0,,,Aug-31-25 07:35:15 PDT,Sep-30-25 07:35:15 PDT,Locomotives,262303,,,New,,,,,,UK,,,
3.88908E+11,"Peppa Pig Spearmark Lunch Bag – Very Good Condition, please check pics",,,1,FIXED_PRICE,GBP,9.99,,,9.99,0,,,Aug-31-25 07:35:50 PDT,Sep-30-25 07:35:50 PDT,Lunchboxes & Bags,177057,,,Used,,,,,,UK,,,
3.88908E+11,WWE Chris Benoit Action Figure – Very Good Used Condition,,,1,FIXED_PRICE,GBP,10.99,,,10.99,0,,,Aug-31-25 07:38:12 PDT,Sep-30-25 07:38:12 PDT,Action Figures,261068,,,Used,,,,,,UK,,,
3.88908E+11,WWE Matt Hardy Action Figure – Good Used Condition,,,1,FIXED_PRICE,GBP,6.99,,,6.99,0,,,Aug-31-25 07:38:38 PDT,Sep-30-25 07:38:38 PDT,Action Figures,261068,,,Used,,,,,,UK,,,
3.88908E+11,"Disney Pixar Monsters, Inc. – Sulley PVC Figure – Very Good Condition",,,1,FIXED_PRICE,GBP,11.99,,,11.99,0,,,Aug-31-25 07:40:16 PDT,Sep-30-25 07:40:16 PDT,Action Figures,261068,,,Used,,,,,,UK,,,
3.88908E+11,Funko Pop! Marvel Thor – The Dark World Vinyl Figure – Very Good Condition,,,1,FIXED_PRICE,GBP,11.99,,,11.99,0,,,Aug-31-25 07:44:22 PDT,Sep-30-25 07:44:22 PDT,Action Figures,261068,,,Used,,,,,,UK,,,
3.88908E+11,"FUNKO POP! 5 Disney Frozen ones – Anna, Elsa, Sven, Olaf Action Figures– VGC",,,1,FIXED_PRICE,GBP,49.99,,,49.99,0,,,Aug-31-25 09:30:45 PDT,Sep-30-25 09:30:45 PDT,Action Figures,261068,,,Used,,,,,,UK,,,
3.88908E+11,Funko Pop! Rick and Morty – Prison Break Rick #339 – Very Good Condition,,,1,FIXED_PRICE,GBP,11.99,,,11.99,0,,,Aug-31-25 09:43:36 PDT,Sep-30-25 09:43:36 PDT,Action Figures,261068,,,Used,,,,,,UK,,,
3.88908E+11,Maine Baby Snowsuit with Hood – Unisex – Size 0–3 Months – Very Good  Condition,,,1,FIXED_PRICE,GBP,11.99,,,11.99,0,,,Aug-31-25 11:23:54 PDT,Sep-30-25 11:23:54 PDT,"Coats, Jackets & Snowsuits",260023,,,Pre-owned - Excellent,,,,,,UK,,,
3.88908E+11,Puma Men’s Teamgoal 23 Jersey – Size XXL – Very Good in Condition,,,1,FIXED_PRICE,GBP,19.99,,,19.99,0,,,Aug-31-25 11:24:58 PDT,Sep-30-25 11:24:58 PDT,T-Shirts,15687,,,Pre-owned - Excellent,,,,,,UK,,,
3.88908E+11,Zara Girls Chunky Knit Zip Up Long Sleeve Cap Sweater – Size 11-12 – GUC,,,1,FIXED_PRICE,GBP,11.99,,,11.99,0,1,,Aug-31-25 11:27:41 PDT,Sep-30-25 11:27:41 PDT,Shorts,15648,,,Pre-owned - Good,,,,,,UK,,,
3.88908E+11,Zara Beige Dress for Girls with Belt – Size 11-12 – Very Good Condition,,,1,FIXED_PRICE,GBP,19.99,,,19.99,0,,,Aug-31-25 11:28:51 PDT,Sep-30-25 11:28:51 PDT,Dresses,51581,,,Pre-owned - Excellent,,,,,,UK,,,
3.88909E+11,Nike Golf Black & White Striped T-Shirt – Size XXL – Very Good in Condition,,,1,FIXED_PRICE,GBP,29.99,,,29.99,0,,,Aug-31-25 11:30:32 PDT,Sep-30-25 11:30:32 PDT,Shirts & Tops,181138,,,Used,,,,,,UK,,,
3.88909E+11,"Primark Disney Mickey Mouse Padded Mock Jacket Women’s Red with Collar XS, UK6/8",,,1,FIXED_PRICE,GBP,11.99,,,11.99,0,,,Aug-31-25 13:20:33 PDT,Sep-30-25 13:20:33 PDT,"Coats, Jackets & Waistcoats",63862,,,Pre-owned - Good,,,,,,UK,,,
3.88909E+11,U.S. Polo Assn. Unisex Red Logo Jacket – Size 12-13Y – Very Good in Condition,,,1,FIXED_PRICE,GBP,39.99,,,39.99,0,,,Aug-31-25 13:25:25 PDT,Sep-30-25 13:25:25 PDT,Outerwear,51933,,,Pre-owned - Excellent,,,,,,UK,,,
3.88909E+11,"Disney Pixar Monsters, Inc. – Roz PVC Figure – VGC",,,1,FIXED_PRICE,GBP,14.99,,,14.99,0,,,Aug-31-25 13:43:30 PDT,Sep-30-25 13:43:30 PDT,Other Animation Merchandise,69528,,,Used,,,,,,UK,,,
3.88909E+11,WWE Kurt Angle Titan Tron Live Action Figure – Very Good Used Condition,,,1,FIXED_PRICE,GBP,9.99,,,9.99,0,,,Aug-31-25 13:45:03 PDT,Sep-30-25 13:45:03 PDT,Action Figures,261068,,,Used,,,,,,UK,,,
3.88909E+11,Disney Jake and The Never Land Pirates – Tick-Tock the Crocodile Figure – VGC,,,1,FIXED_PRICE,GBP,14.99,,,14.99,0,,,Aug-31-25 13:46:10 PDT,Sep-30-25 13:46:10 PDT,Other Animation Merchandise,69528,,,Used,,,,,,UK,,,
3.88909E+11,Trespass Girls Tiffy Kids Padded Coat –Black – Size 5/6 – Very Good in Condition,,,1,FIXED_PRICE,GBP,29.99,,,29.99,0,,,Aug-31-25 13:49:05 PDT,Sep-30-25 13:49:05 PDT,Outerwear,51580,,,Pre-owned - Good,,,,,,UK,,,
3.88909E+11,ZARA Outdoor Girl Fleece Hooded Jacket Size 11-12 – Beige – Very Good Condition,,,1,FIXED_PRICE,GBP,19.99,,,19.99,0,,,Aug-31-25 13:51:37 PDT,Sep-30-25 13:51:37 PDT,Outerwear,51580,,,Pre-owned - Excellent,,,,,,UK,,,
3.88909E+11,Thomas & Friends Minis Playwheel Carry Case with lots of Mini Trains – VGC,,,1,FIXED_PRICE,GBP,34.99,,,34.99,0,,,Aug-31-25 14:01:19 PDT,Sep-30-25 14:01:19 PDT,Action Figures,261068,,,Used,,,,,,UK,,,
3.88909E+11,Polly Pocket Snow Cabin BBQ Party Bee House Playground Bundle 2019 Playsets GUC,,,1,FIXED_PRICE,GBP,29.99,,,29.99,0,,,Aug-31-25 14:04:09 PDT,Sep-30-25 14:04:09 PDT,Other Toys & Games,1039,,,Used,,,,,,UK,,,
3.88909E+11,Polly Pocket Dare to Hair Totally Video Playset by Mattel Toys – VGC,,,1,FIXED_PRICE,GBP,19.99,,,19.99,0,,,Aug-31-25 14:09:59 PDT,Sep-30-25 14:09:59 PDT,Dolls & Doll Playsets,262346,,,Used,,,,,,UK,,,
3.88909E+11,Little Tikes Creative Chefs Ice Cream Play Kit Toy Set Kids Role Play NEW,,,1,FIXED_PRICE,GBP,14.99,,,14.99,0,,,Aug-31-25 14:37:26 PDT,Sep-30-25 14:37:26 PDT,Pretend Kitchens,158746,,,New,,,,,,UK,,,
3.88909E+11,Ollie & Grace Bug Belt Kids Explorer Outdoor Adventure Nature Discovery Set NEW,,,1,FIXED_PRICE,GBP,14.99,,,14.99,0,,,Aug-31-25 14:39:00 PDT,Sep-30-25 14:39:00 PDT,Creative Toys & Activities,80546,,,New,,,,,,UK,,,
3.88909E+11,"IKEA UPPSTÅ Crane with Blocks – Multicolour/Beech –EUC, complete with all block",,,1,FIXED_PRICE,GBP,14.99,,,14.99,0,,,Aug-31-25 14:47:20 PDT,Sep-30-25 14:47:20 PDT,Construction Toy Complete Sets & Packs,258040,,,Used,,,,,,UK,,,
3.88909E+11,VTech Brilliant Baby Laptop – Very Good Condition (VGC),,,1,FIXED_PRICE,GBP,14.99,,,14.99,0,,,Aug-31-25 14:49:31 PDT,Sep-30-25 14:49:31 PDT,VTech,61113,,,Used,,,,,,UK,,,
3.88909E+11,"My Little Dinosaur Library 10 Board Books by Page Publications, vgc complete set",,,1,FIXED_PRICE,GBP,14.99,,,14.99,0,,,Aug-31-25 14:52:40 PDT,Sep-30-25 14:52:40 PDT,Books,261186,,,Very Good,,,,,,UK,,,
3.88909E+11,Slazenger Unisex V300 Soft 24x2 Pack of 48 Orange Golf Balls – NEW,,,1,FIXED_PRICE,GBP,39.99,,,39.99,0,,,Aug-31-25 14:56:02 PDT,Sep-30-25 14:56:02 PDT,Golf Balls,18924,,,New,,,,,,UK,,,
3.88909E+11,"Peppa Pig Night Light Kids – VGC, working",,,1,FIXED_PRICE,GBP,11.99,,,11.99,0,,,Aug-31-25 15:48:25 PDT,Sep-30-25 15:48:25 PDT,Night Lights,177061,,,Used,,,,,,UK,,,
3.88909E+11,Polly Pocket Jeweled Forest Vintage Mini Compact Playset Collectors – VGC,,,1,FIXED_PRICE,GBP,24.99,,,24.99,0,,,Aug-31-25 15:49:16 PDT,Sep-30-25 15:49:16 PDT,Other Vintage & Classic Toys,30,,,Used,,,,,,UK,,,
3.88909E+11,Polly Pocket Jewel Palace Compact Playset Bluebird Toys Vintage Collectible VGC,,,1,FIXED_PRICE,GBP,19.99,,,19.99,0,,,Aug-31-25 15:50:03 PDT,Sep-30-25 15:50:03 PDT,Other Vintage & Classic Toys,30,,,Used,,,,,,UK,,,
3.88909E+11,"Brown Bear, Brown Bear, What Do You See? Kids book -VGC",,,1,FIXED_PRICE,GBP,10.99,,,10.99,0,,,Aug-31-25 15:53:41 PDT,Sep-30-25 15:53:41 PDT,Books,261186,,,Like New,,,,,,UK,,,9.78184E+12
3.88909E+11,VTech Latches & Doors Busy Board – Multicolor | Very Good Condition (VGC),,,1,FIXED_PRICE,GBP,24.49,,,24.49,0,,,Aug-31-25 15:55:12 PDT,Sep-30-25 15:55:12 PDT,VTech,61113,,,Used,,,,,,UK,,,
3.88909E+11,Schleich Lion Roaring - Collectable toy animal – Very Good Condition,,,1,FIXED_PRICE,GBP,12.99,,,12.99,0,,,Aug-31-25 15:56:11 PDT,Sep-30-25 15:56:11 PDT,Lions,10888,,,Used,,,,,,UK,,,
3.88909E+11,Usborne My First Reading Library – Complete Box Set of 50 Books – Early Readers,,,1,FIXED_PRICE,GBP,18.99,,,18.99,0,,,Aug-31-25 15:59:01 PDT,Sep-30-25 15:59:01 PDT,Books,261186,,,Like New,,,,,,UK,,,
3.88909E+11,Mountain Warehouse Men’s Blue Rain Jacket – Size UK 18 – Very Good Condition,,,1,FIXED_PRICE,GBP,29.99,,,29.99,0,,,Aug-31-25 16:01:23 PDT,Sep-30-25 16:01:23 PDT,"Coats, Jackets & Waistcoats",57988,,,Pre-owned - Excellent,,,,,,UK,,,
3.88912E+11,Jaques of London Wooden Car Ramp Toy – Racing Garage for Young Kids EUC,,,1,FIXED_PRICE,GBP,14.99,,,14.99,0,,,Sep-01-25 03:53:50 PDT,Oct-01-25 03:53:50 PDT,Wooden Toys,1197,,,Used,,,,,,UK,,,
3.88912E+11,Orchard Toys Times Tables Heroes – Educational Board Game (2 Games in 1) – EUC,,,1,FIXED_PRICE,GBP,9.99,,,9.99,0,,,Sep-01-25 04:47:05 PDT,Oct-01-25 04:47:05 PDT,Modern Manufacture,180349,,,Used,,,,,,UK,,,
3.88912E+11,Little Town Wooden Chocolate Cake Toy – Pretend Play Food for Kids 3+ VGC,,,1,FIXED_PRICE,GBP,9.99,,,9.99,0,0,,Sep-01-25 04:49:26 PDT,Oct-01-25 04:49:26 PDT,Pretend Kitchens,158746,,,Used,,,,,,UK,,,
3.88912E+11,"Dragon Ball Super – Dragon Stars Vegeta (Version 2) 6.5"" Action Figure – VGC",,,1,FIXED_PRICE,GBP,24.99,,,24.99,0,,,Sep-01-25 04:56:04 PDT,Oct-01-25 04:56:04 PDT,Action Figures,261068,,,Used,,,,,,UK,,,
3.88912E+11,In the Night Garden Ninky Nonk Train – Very Good Condition,,,1,FIXED_PRICE,GBP,9.99,,,9.99,0,0,,Sep-01-25 05:04:00 PDT,Oct-01-25 05:04:00 PDT,Other Pre-School,19181,,,Used,,,,,,UK,,,
3.88912E+11,Disney Pixar Lightyear – Zurg Large Figure Toy (30 cm) by Mattel HHJ75 – VGC,,,1,FIXED_PRICE,GBP,14.99,,,14.99,0,,,Sep-01-25 05:57:13 PDT,Oct-01-25 05:57:13 PDT,Action Figures,261068,,,Used,,,,,,UK,,,
3.88912E+11,"Super Mario 2.5"" Action Figure – Raccoon Mario – Jakks Pacific – NEW",,,1,FIXED_PRICE,GBP,9.99,,,9.99,0,,,Sep-01-25 05:59:47 PDT,Oct-01-25 05:59:47 PDT,Action Figures,261068,,,New,,,,,,UK,,,
3.88912E+11,Paladone The Mandalorian The Child (Grogu) Egg Cup Breakfast Set – VGC,,,1,FIXED_PRICE,GBP,12.99,,,12.99,0,,,Sep-01-25 06:00:55 PDT,Oct-01-25 06:00:55 PDT,Egg Cups,14898,,,Used,,,,,,UK,,,
3.88912E+11,Big Bug Handheld Massager – Very Good in Condition,,,1,FIXED_PRICE,GBP,7.99,,,7.99,0,,,Sep-01-25 06:03:00 PDT,Oct-01-25 06:03:00 PDT,Massagers,36449,,,Used,,,,,,UK,,,
3.88912E+11,"Super Mario 2.5"" Mini Action Figure – Koopa Paratroopa – Jakks Pacific – NEW",,,1,FIXED_PRICE,GBP,20.49,,,20.49,0,,,Sep-01-25 06:30:58 PDT,Oct-01-25 06:30:58 PDT,Action Figures,261068,,,New,,,,,,UK,,Does not apply,
3.88912E+11,"Nintendo 2.5"" Yellow Toad Figure – Jakks Pacific – NEW",,,1,FIXED_PRICE,GBP,14.99,,,14.99,0,,,Sep-01-25 06:35:03 PDT,Oct-01-25 06:35:03 PDT,Action Figures,261068,,,New,,,,,,UK,,,
3.88912E+11,"World of Nintendo Super Mario Wave 20 – Yoshi 2.5"" Mini Figure – NEW",,,1,FIXED_PRICE,GBP,14.99,,,14.99,0,,,Sep-01-25 06:36:00 PDT,Oct-01-25 06:36:00 PDT,Action Figures,261068,,,New,,,,,,UK,,,
3.88912E+11,"Super Mario Fire Mario 2.5"" Collectible Figure – Jakks Pacific – NEW",,,1,FIXED_PRICE,GBP,20.49,,,20.49,0,,,Sep-01-25 06:36:29 PDT,Oct-01-25 06:36:29 PDT,Action Figures,261068,,,New,,,,,,UK,,,
3.88912E+11,Hot Wheels Prototype H-24 – Blue Fantasy Car – 1:64 Loose Diecast 2007 – VGC,,,1,FIXED_PRICE,GBP,9.99,,,9.99,0,,,Sep-01-25 06:43:28 PDT,Oct-01-25 06:43:28 PDT,Contemporary Manufacture,180506,,,Used,,,,,,UK,,,
3.88912E+11,Hot Wheels HW Art Cars – Zotic Die-Cast Car (Green) 2002 – GUC,,,1,FIXED_PRICE,GBP,9.99,,,9.99,0,,,Sep-01-25 06:45:33 PDT,Oct-01-25 06:45:33 PDT,Other Vintage & Classic Toys,30,,,Used,,,,,,UK,,,
3.88912E+11,Maisto Ferrari F40 – Red – Vintage 1:64 Die-Cast Car – Rare HTF Exotic – GUC,,,1,FIXED_PRICE,GBP,10.99,,,10.99,0,,,Sep-01-25 06:47:09 PDT,Oct-01-25 06:47:09 PDT,Vintage Manufacture,180507,,,Used,,,,,,UK,,,
3.88912E+11,Lamaze Cosimo Concerto Zebra Piano Plush Toy – Very Good Condition,,,1,FIXED_PRICE,GBP,14.99,,,14.99,0,,,Sep-01-25 06:54:07 PDT,Oct-01-25 06:54:07 PDT,Branded Soft Toys,230,,,Used,,,,,,UK,,,
3.88912E+11,"Super Mario 2.5"" Action Figure – Tipping Hat Mario – Jakks Pacific – NEW",,,1,FIXED_PRICE,GBP,16.99,,,16.99,0,,,Sep-01-25 06:54:54 PDT,Oct-01-25 06:54:54 PDT,Action Figures,261068,,,New,,,,,,UK,,,
3.88913E+11,"Sonic the Hedgehog – Jakks Rare Toy - Super Sonic 2.5"" Action Figure – GUC",,,1,FIXED_PRICE,GBP,18.99,,,18.99,0,,,Sep-01-25 06:57:57 PDT,Oct-01-25 06:57:57 PDT,Action Figures,261068,,,Used,,,,,,UK,,,
3.88913E+11,"PlayGo Shape, Colour, Number Learning Toy Egg Set Educational Learning Toy VGC",,,1,FIXED_PRICE,GBP,11.99,,,11.99,0,,,Sep-01-25 07:24:15 PDT,Oct-01-25 07:24:15 PDT,Other Educational Toys,2518,,,Used,,,,,,UK,,,
3.88913E+11,Magnetic 32 Piece Chess Game – Foldable Board – Complete Vintage – NEW,,,1,FIXED_PRICE,GBP,14.99,,,14.99,0,,,Sep-01-25 07:32:45 PDT,Oct-01-25 07:32:45 PDT,Contemporary Chess,40856,,,New,,,,,,UK,,,
3.88913E+11,SHOOT THE MOON – Traditional Wooden Ball Balance Game – vguc,,,1,FIXED_PRICE,GBP,14.99,,,14.99,0,0,,Sep-01-25 07:35:04 PDT,Oct-01-25 07:35:04 PDT,Other Games,234,,,New,,,,,,UK,,,
3.88913E+11,Little Bud Kids Spin-and-Read Phonetic Reading Blocks Set-VGC(Unused),,,1,FIXED_PRICE,GBP,14.99,,,14.99,0,,,Sep-01-25 08:10:04 PDT,Oct-01-25 08:10:04 PDT,Creative Toys & Activities,80546,,,Used,,,,,,UK,,,
3.88913E+11,Lamaze Pupsqueak – Multi Colour – Very Good  Condition,,,1,FIXED_PRICE,GBP,16.99,,,16.99,0,,,Sep-01-25 08:28:17 PDT,Oct-01-25 08:28:17 PDT,Branded Soft Toys,230,,,Used,,,,,,UK,,,
3.88914E+11,S&G Collection Orange Side Bag – Casual Everyday Crossbody – Very Good Condition,,,1,FIXED_PRICE,GBP,18.99,,,18.99,0,,,Sep-01-25 13:20:47 PDT,Oct-01-25 13:20:47 PDT,Women's Bags & Handbags,169291,,,Pre-owned - Excellent,,,,,,UK,,,
3.88914E+11,Primark Black Side Bag – Casual Everyday Crossbody – Very Good Condition,,,1,FIXED_PRICE,GBP,9.99,,,9.99,0,,,Sep-01-25 13:22:59 PDT,Oct-01-25 13:22:59 PDT,Women's Bags & Handbags,169291,,,Pre-owned - Good,,,,,,UK,,,
3.88914E+11,Children's Shape Game in a Box – Baby Sensory Toy | VGC,,,1,FIXED_PRICE,GBP,14.99,,,14.99,0,,,Sep-01-25 13:26:28 PDT,Oct-01-25 13:26:28 PDT,Other Toys & Games,1039,,,Used,,,,,,UK,,,
3.88914E+11,"South Park – Series 4 (Box Set) (DVD, 2001) – VGC",,,1,FIXED_PRICE,GBP,18.99,,,18.99,0,,,Sep-01-25 13:28:29 PDT,Oct-01-25 13:28:29 PDT,DVDs & Blu-rays,617,,,Very Good,,,,,44089809,UK,,6.85739E+11,
3.88914E+11,"Crelando 30-Piece Calligraphy Set – Ink Holder, Nibs, Seal, Wax & Stationery NEW",,,1,FIXED_PRICE,GBP,14.99,,,14.99,0,,,Sep-01-25 13:30:32 PDT,Oct-01-25 13:30:32 PDT,Calligraphy Sets,41203,,,New,,,,,,UK,,N/A,
3.88914E+11,Shadow the Hedgehog Small Action Figure – Sonic the Hedgehog – VGUC,,,1,FIXED_PRICE,GBP,19.99,,,19.99,0,,,Sep-01-25 13:32:17 PDT,Oct-01-25 13:32:17 PDT,Branded Soft Toys,230,,,Used,,,,,,UK,,,
3.88914E+11,Optimus Prime – Transformers Rescue Bots Academy (2020 Hasbro Tomy) – VGUC,,,1,FIXED_PRICE,GBP,14.99,,,14.99,0,,,Sep-01-25 13:36:05 PDT,Oct-01-25 13:36:05 PDT,Action Figures,261068,,,Used,,,,,,UK,,,
3.88917E+11,Hasbro Marvel Titan Hero Series – 8 Action Figure Bundle -VGUC,,,1,FIXED_PRICE,GBP,79.99,,,79.99,0,,,Sep-02-25 05:37:31 PDT,Oct-02-25 05:37:31 PDT,Action Figures,261068,,,Used,,,,,,UK,,,
3.88917E+11,Skechers Uno Girls Trainers Size 2 UK White Pink Kids Sneakers Shoes VGC,,,1,FIXED_PRICE,GBP,29.99,,,29.99,0,,,Sep-02-25 05:45:43 PDT,Oct-02-25 05:45:43 PDT,Girls' Shoes,57974,,,Pre-owned - Excellent,,,,,,UK,,,
3.88917E+11,Michael Kors Girls Ankle Boots UK Size 13.5 Designer Kids Shoes GUC,,,1,FIXED_PRICE,GBP,14.99,,,14.99,0,,,Sep-02-25 06:03:29 PDT,Oct-02-25 06:03:29 PDT,Girls' Shoes,57974,,,Pre-owned - Good,,,,,,UK,,,
3.88917E+11,G-Form Terra Mountain Bike Elbow Guards Protective Pads Cycling New with Defects,,,1,FIXED_PRICE,GBP,29.99,,,29.99,0,,,Sep-02-25 06:08:13 PDT,Oct-02-25 06:08:13 PDT,Protective Pads & Armour,42326,,,New other (see details),,,,,,UK,,,
3.88917E+11,MINISO Yummy Yummy Food Series Strawberry Plush Toy Pillow Plushie Cute VGC,,,1,FIXED_PRICE,GBP,16.99,,,16.99,0,,,Sep-02-25 06:14:19 PDT,Oct-02-25 06:14:19 PDT,Branded Soft Toys,230,,,Used,,,,,,UK,,,
3.88917E+11,Hasbro Vac-Man Red Stretch Armstrong 2017 Action Toy Figure Collectible VGC,,,1,FIXED_PRICE,GBP,10.99,,,10.99,0,,,Sep-02-25 06:15:00 PDT,Oct-02-25 06:15:00 PDT,Action Figures,261068,,,Used,,,,,,UK,,,
3.88917E+11,"MINISO Lying Penguin Avocado Plush Toy 11.8"" Stuffed Animal Pillow Doll VGC",,,1,FIXED_PRICE,GBP,16.99,,,16.99,0,,,Sep-02-25 06:35:08 PDT,Oct-02-25 06:35:08 PDT,Branded Soft Toys,230,,,Used,,,,,,UK,,,
3.88917E+11,Handmade Wooden Folding Side Table Base Rustic Compact Portable VGC Vintage,,,1,FIXED_PRICE,GBP,30.49,,,30.49,0,,,Sep-02-25 06:37:04 PDT,Oct-02-25 06:37:04 PDT,Tables,38204,,,Used,,,,,,UK,,,
3.88918E+11,Puma Borussia Dortmund Home Kit #9 Jersey & Shorts Size 26 Yellow Black VGC,,,1,FIXED_PRICE,GBP,15.99,,,15.99,0,,,Sep-02-25 11:02:48 PDT,Oct-02-25 11:02:48 PDT,German Clubs,112975,,,Used,,,,,,UK,,,
3.88918E+11,Del Prado Train – SNCF BB 22200 Locomotive – NEW in box,,,1,FIXED_PRICE,GBP,18.99,,,18.99,0,,,Sep-02-25 11:10:40 PDT,Oct-02-25 11:10:40 PDT,Locomotives,262303,,,New,,,,,,UK,,,
3.88918E+11,"WWE Lita Titan Tron Live Wrestling Action Figure (Jakks Pacific, 1999) – VGUC",,,1,FIXED_PRICE,GBP,9.99,,,9.99,0,,,Sep-02-25 11:11:22 PDT,Oct-02-25 11:11:22 PDT,Action Figures,261068,,,Used,,,,,,UK,,,
3.88918E+11,Bizak Mini World Kitchen Playset Oven Microwave Fridge Ice Dispenser Kids NEW,,,1,FIXED_PRICE,GBP,11.99,,,11.99,0,,,Sep-02-25 11:12:23 PDT,Oct-02-25 11:12:23 PDT,Pretend Kitchens,158746,,,New,,,,,,UK,,,
3.88918E+11,WWE John Cena Wrestling Action Figure – Very Good Used Condition,,,1,FIXED_PRICE,GBP,9.99,,,9.99,0,,,Sep-02-25 11:13:32 PDT,Oct-02-25 11:13:32 PDT,Action Figures,261068,,,Used,,,,,,UK,,,
3.88918E+11,"WWE WWF The Undertaker Titan Tron Live Action Figure (Jakks Pacific, 1999) VGUC",,,1,FIXED_PRICE,GBP,9.99,,,9.99,0,,,Sep-02-25 11:13:56 PDT,Oct-02-25 11:13:56 PDT,Action Figures,261068,,,Used,,,,,,UK,,,
3.88918E+11,Lesser & Pavey Mad Dots Baby Boy Money Bank – Excellent condition,,,1,FIXED_PRICE,GBP,19.99,,,19.99,0,,,Sep-02-25 11:15:31 PDT,Oct-02-25 11:15:31 PDT,Piggy Banks,886,,,Used,,,,,,UK,,,
3.88918E+11,Schleich Golden Retriever Puppy – Very Good Condition,,,1,FIXED_PRICE,GBP,6.99,,,6.99,0,,,Sep-02-25 11:17:10 PDT,Oct-02-25 11:17:10 PDT,Action Figures,261068,,,Used,,,,,,UK,,4.05943E+12,
3.88918E+11,Schleich North America Jaguar Toy Figure – Very Good Condition,,,1,FIXED_PRICE,GBP,12.99,,,12.99,0,,,Sep-02-25 11:18:25 PDT,Oct-02-25 11:18:25 PDT,Other Wild Animals,3238,,,Used,,,,,,UK,,,
3.88918E+11,Minecraft Squid Plush & Baby Mooshroom Plush – Animal Plush Series – VGC,,,1,FIXED_PRICE,GBP,18.99,,,18.99,0,,,Sep-02-25 13:38:17 PDT,Oct-02-25 13:38:17 PDT,Branded Soft Toys,230,,,Used,,,,,,UK,,,
3.88918E+11,Goodnight Moon Board Book Plush Toy by Kids Preferred – VGC,,,1,FIXED_PRICE,GBP,5.99,,,5.99,0,,,Sep-02-25 13:38:49 PDT,Oct-02-25 13:38:49 PDT,Books,261186,,,Very Good,,,,,,UK,,,
3.88918E+11,Kidoozie Rev 'N Roll Activity Wheel – Interactive Steering Toy -VGC,,,1,FIXED_PRICE,GBP,11.99,,,11.99,0,,,Sep-02-25 13:40:45 PDT,Oct-02-25 13:40:45 PDT,Creative Toys & Activities,80546,,,Used,,,,,,UK,,,
3.88918E+11,Nike Girls’ Hoodie – Pink – Size 5-6 Years | VGC,,,1,FIXED_PRICE,GBP,14.99,,,14.99,0,,,Sep-02-25 14:13:37 PDT,Oct-02-25 14:13:37 PDT,Hoodies & Sweatshirts,260979,,,Pre-owned - Good,,,,,,UK,,,
3.88919E+11,New Era Michigan State Spartans Men’s Green Basic 59FIFTY Iconic Fitted Hat -New,,,1,FIXED_PRICE,GBP,29.99,,,29.99,0,,,Sep-02-25 14:38:16 PDT,Oct-02-25 14:38:16 PDT,Hats & Headwear,159057,,,New without tags,,,,,,UK,,,
3.88919E+11,"Children’s Learning Clock – Educational Teaching Clock (Pink) VGC, working",,,1,FIXED_PRICE,GBP,12.99,,,12.99,0,,,Sep-02-25 14:38:54 PDT,Oct-02-25 14:38:54 PDT,Clocks,94935,,,Used,,,,,,UK,,,
3.88919E+11,"Billabong Sunglasses Case – Durable Protective Eyewear Storage  Case Only, VGC",,,1,FIXED_PRICE,GBP,19.99,,,19.99,0,,,Sep-02-25 14:39:27 PDT,Oct-02-25 14:39:27 PDT,Accessories,179249,,,Pre-owned - Good,,,,,,UK,,,
3.88919E+11,GAP Women’s Knitted Cardigan – Size UK S | VGC,,,1,FIXED_PRICE,GBP,18.99,,,18.99,0,,,Sep-02-25 14:41:55 PDT,Oct-02-25 14:41:55 PDT,Jumpers & Cardigans,63866,,,Pre-owned - Good,,,,,,UK,,,
3.88919E+11,Girls’ Zara Gold Blouse with Back Bow – Size 10  | VGC,,,1,FIXED_PRICE,GBP,14.99,,,14.99,0,,,Sep-02-25 14:42:56 PDT,Oct-02-25 14:42:56 PDT,"T-Shirts, Tops & Shirts",260965,,,Pre-owned - Good,,,,,,UK,,,
3.88919E+11,"SIL Interiors – Buddha Statue (Home Decor Accent) – NEW, Unused",,,1,FIXED_PRICE,GBP,24.99,,,24.99,0,,,Sep-02-25 14:43:36 PDT,Oct-02-25 14:43:36 PDT,Ornaments & Statues,29511,,,New,,,,,,UK,,,
3.88921E+11,Jellycat Chicken / Cockerel Plush – Soft Toy | VGUC | Farmyard Themed Authentic,,,1,FIXED_PRICE,GBP,19.99,,,19.99,0,,,Sep-03-25 05:25:54 PDT,Oct-03-25 05:25:54 PDT,Branded Soft Toys,230,,,Used,,,,,,UK,,,
3.88921E+11,Authentic Blue Jellycat Bashful Bunny Rattle Toy – Small – Very Good Condition,,,1,FIXED_PRICE,GBP,24.99,,,24.99,0,,,Sep-03-25 05:40:12 PDT,Oct-03-25 05:40:12 PDT,Branded Soft Toys,230,,,Used,,,,,,UK,,,
3.88921E+11,Jellycat Blossom Beige Bunny 'Petal' Plush toy | Medium Size | New with Tags,,,1,FIXED_PRICE,GBP,39.99,,,39.99,0,,,Sep-03-25 05:46:04 PDT,Oct-03-25 05:46:04 PDT,Branded Soft Toys,230,,,New,,,,,,UK,,,
3.88922E+11,"Jellycat Fuddlewuddle Elephant Soft Toy – Small Cuddly & Classic | VGC, Original",,,1,FIXED_PRICE,GBP,19.99,,,19.99,0,,,Sep-03-25 07:21:37 PDT,Oct-03-25 07:21:37 PDT,Branded Soft Toys,230,,,Used,,,,,,UK,,,
3.88922E+11, Jellycat Natural Sensory Fabric Ball – Soft Lightweight Baby Toy | VGUC ,,,1,FIXED_PRICE,GBP,14.99,,,14.99,0,,,Sep-03-25 07:22:55 PDT,Oct-03-25 07:22:55 PDT,Branded Soft Toys,230,,,Used,,,,,,UK,,,
3.88922E+11,Funko Pop Rocks BTS Suga #103 Vinyl Figure K-pop Collectible Very Good Condition,,,1,FIXED_PRICE,GBP,14.99,,,14.99,0,,,Sep-03-25 08:29:27 PDT,Oct-03-25 08:29:27 PDT,Collectable Figures & Bobbleheads,149372,,,Used,,,,,,UK,,,
3.88922E+11,Funko Pop Rocks BTS Jin  #104 Vinyl Figure Idol Collectible K-Pop Merch VGC,,,1,FIXED_PRICE,GBP,14.99,,,14.99,0,,,Sep-03-25 08:36:09 PDT,Oct-03-25 08:36:09 PDT,Action Figures,261068,,,Used,,,,,,UK,,,
3.88922E+11,Funko Pop #1114 Anime Jujutsu Kaisen Gojo S1 Vinyl Figure Collectible VGC,,,1,FIXED_PRICE,GBP,14.99,,,14.99,0,,,Sep-03-25 08:42:26 PDT,Oct-03-25 08:42:26 PDT,Collectable Figures & Bobbleheads,149372,,,Used,,,,,,UK,,,
3.88922E+11,Funko POP Heroes #275 Batman 80 Years Vinyl Figure NEW DC Comics Collectible,,,1,FIXED_PRICE,GBP,20.49,,,20.49,0,,,Sep-03-25 09:13:26 PDT,Oct-03-25 09:13:26 PDT,Other Toys & Games,1039,,,New,,,,,,UK,,,
3.88922E+11,Funko POP Hello Kitty #28 Classic Vinyl Figure NEW Collectible Kawaii Toy,,,1,FIXED_PRICE,GBP,20.49,,,20.49,0,,,Sep-03-25 09:14:08 PDT,Oct-03-25 09:14:08 PDT,Collectable Figures & Bobbleheads,149372,,,New,,,,,,UK,,,
3.88922E+11,Mountain Warehouse Adventurer Women’s Waterproof Boots UK 8.5 New with Tag,,,1,FIXED_PRICE,GBP,39.99,,,39.99,0,,,Sep-03-25 09:17:59 PDT,Oct-03-25 09:17:59 PDT,Women's,181393,,,New without box,,,,,,UK,,Does not apply,
3.88922E+11,Jordan Jumpman Baby Puffer Snowsuit Black 18M Winter Coat VGC,,,1,FIXED_PRICE,GBP,20.49,,,20.49,0,,,Sep-03-25 09:42:57 PDT,Oct-03-25 09:42:57 PDT,"Coats, Jackets & Snowsuits",260023,,,Pre-owned - Good,,,,,,UK,,,
3.88923E+11,Funko Pop Movies Josh Baskin #795 Vinyl Figure NEW Collectible Toy,,,1,FIXED_PRICE,GBP,14.99,,,14.99,0,,,Sep-03-25 12:31:39 PDT,Oct-03-25 12:31:39 PDT,Action Figures,261068,,,New,,,,,,UK,,,
3.88923E+11,Funko POP My Hero Academia Hawks #1141 Vinyl Figure NEW Anime Collectible,,,1,FIXED_PRICE,GBP,14.99,,,14.99,0,,,Sep-03-25 12:32:16 PDT,Oct-03-25 12:32:16 PDT,Action Figures,261068,,,New,,,,,,UK,,,
3.88923E+11,Funko POP Disney Frozen Anna #595 Special Edition Vinyl Figure NEW Collectible,,,1,FIXED_PRICE,GBP,20.49,,,20.49,0,,,Sep-03-25 13:43:52 PDT,Oct-03-25 13:43:52 PDT,Action Figures,261068,,,New,,,,,,UK,,,
3.88923E+11,Funko Dorbz #104 Fallout Vinyl Collectible Figure NEW Gamer Toy,,,1,FIXED_PRICE,GBP,19.99,,,19.99,0,,,Sep-03-25 13:45:26 PDT,Oct-03-25 13:45:26 PDT,Action Figures,261068,,,New,,,,,,UK,,,
3.88923E+11,Funko POP Birds of Prey Harley Quinn #303 Vinyl Figure NEW DC Comics Collectible,,,1,FIXED_PRICE,GBP,20.49,,,20.49,0,,,Sep-03-25 13:47:37 PDT,Oct-03-25 13:47:37 PDT,Action Figures,261068,,,New,,,,,,UK,,,
3.88923E+11,Monsoon Women’s Black Full Sleeve Elegant Dress UK 16 New with Tags,,,1,FIXED_PRICE,GBP,19.99,,,19.99,0,,,Sep-03-25 13:50:56 PDT,Oct-03-25 13:50:56 PDT,Dresses,63861,,,New with tags,,,,,,UK,,,
3.88923E+11,"Next Regular Fit Formal Shirt Blue Full Sleeve 17"" / 43cm VGC",,,1,FIXED_PRICE,GBP,12.99,,,12.99,0,,,Sep-03-25 13:52:45 PDT,Oct-03-25 13:52:45 PDT,Formal Shirts,57991,,,Pre-owned - Good,,,,,,UK,,,
3.88923E+11,Kukri Maroon T-Shirt Size M Sports Casual Lightweight Top Excellent Condition,,,1,FIXED_PRICE,GBP,24.99,,,24.99,0,,,Sep-03-25 14:36:01 PDT,Oct-03-25 14:36:01 PDT,T-Shirts,15687,,,Pre-owned - Excellent,,,,,,UK,,,
